question_id,question_total_runs,question_success_count,question_baseline_success_rate
165,30,22,0.7333333333333333
167,30,26,0.8666666666666667
169,30,26,0.8666666666666667
172,30,27,0.9
185,30,25,0.8333333333333334
45,30,25,0.8333333333333334
49,30,26,0.8666666666666667
52,30,26,0.8666666666666667
